Feature Type,Count,Accuracy,F1-Score
Traditional,8,0.7784487776484285,0.2381786339754816
Process-Aware,3,0.745197904540163,0.0
Object-Centric,3,0.745197904540163,0.0
Integrated (Subset K=8),8,0.7788125727590222,0.23771313941825475
