Violation Type,Count,Recall (Detection Rate)
CONFORMANT (TN Rate),10242,0.9987307166569029
TR-2|QR-2,1924,0.16112266112266113
QR-1|TR-2|QR-2,749,0.16688918558077437
TR-2,661,0.07261724659606657
QR-2,93,0.06451612903225806
ASR-1|MSR-1,32,0.0
QR-1|QR-2,31,0.0967741935483871
ASR-1|QR-2|MSR-1,6,0.0
ASR-1|TR-2|MSR-1,6,0.0
